Film Title, Director, Description, Genre, Running Time, Year, Times Played, Rating
Joker,Todd Phillips,Forever alone in a crowd failed comedian Arthur Fleck seeks connection as he walks the streets of Gotham City.,Thriller,2:02,2019,1,3
The Irishman,Martin Scorsese,In the 1950s truck driver Frank Sheeran gets involved with Russell Bufalino and his Pennsylvania crime family.,Drama,3:30,2019,0,4
Shutter Island,Martin Scorsese,The implausible escape of a brilliant murderess brings U.S. Marshal Teddy Daniels and his new partner to Ashecliffe Hospital an insane asylum located on a remote windswept island.,Thriller,2:19,2010,2,2
Taxi Driver,Martin Scorsese,Suffering from insomnia disturbed loner Travis Bickle takes a job as a New York City cabbie haunting the streets nightly,Mystery,1:54,1976,4,5
Rocky,John G. Avildsen,Rocky Balboa a small-time boxer from working-class Philadelphia is arbitrarily chosen to take on the reigning world heavyweight champion.,Sport,2:02,1976,10,5
Despicable Me,Pierre Coffin,A man who delights in all things wicked supervillain Gru hatches a plan to steal the moon.,Comedy,1:35,2010,3,3
You Again,Andy Fickman,High school was hell for Marni so she is horrified to learn that her brother's fiancee is Joanna the nemesis of her teen years.,RomCom,1:45,2010,1,2